{
    "forceRun": false,
    "models": {
        "beamline": [
            {
                "horizontalOffset": 0,
                "horizontalSize": 1,
                "id": 1,
                "position": 31.5,
                "shape": "r",
                "title": "S0",
                "type": "aperture",
                "verticalOffset": 0,
                "verticalSize": 0.42
            },
            {
                "autocomputeVectors": "vertical",
                "grazingAngle": 1.75,
                "heightAmplification": 0.9999,
                "heightProfileFile": "LCLS_SOMS_height_prof_1d_3x_ns.dat",
                "horizontalOffset": 0,
                "id": 13,
                "normalVectorX": 0,
                "normalVectorY": 0.9999984687503908,
                "normalVectorZ": -0.0017499991067709702,
                "orientation": "y",
                "position": 33,
                "radius": 19000,
                "sagittalSize": 0.01,
                "tangentialSize": 0.5,
                "tangentialVectorX": 0,
                "tangentialVectorY": 0.0017499991067709702,
                "title": "VCM",
                "type": "sphericalMirror",
                "verticalOffset": 0
            },
            {
                "horizontalOffset": 0,
                "horizontalSize": 0.06,
                "id": 16,
                "position": 54,
                "shape": "r",
                "title": "S0H",
                "type": "aperture",
                "verticalOffset": 0,
                "verticalSize": 1
            },
            {
                "id": 15,
                "position": 55,
                "title": "Watchpoint",
                "type": "watch"
            },
            {
                "autocomputeVectors": "horizontal",
                "grazingAngle": 1.75,
                "heightAmplification": 1,
                "heightProfileFile": "LCLS_SOMS_height_prof_1d_3x_ns.dat",
                "horizontalOffset": 0,
                "id": 12,
                "normalVectorX": 0.9999984687503908,
                "normalVectorY": 0,
                "normalVectorZ": -0.0017499991067709702,
                "orientation": "x",
                "position": 55,
                "radius": 14000,
                "sagittalSize": 0.01,
                "tangentialSize": 0.5,
                "tangentialVectorX": 0.0017499991067709702,
                "tangentialVectorY": 0,
                "title": "HCM",
                "type": "sphericalMirror",
                "verticalOffset": 0
            },
            {
                "horizontalOffset": 0,
                "horizontalSize": 1,
                "id": 4,
                "position": 95,
                "shape": "r",
                "title": "Ap. KB",
                "type": "aperture",
                "verticalOffset": 0,
                "verticalSize": 1
            },
            {
                "autocomputeVectors": "vertical",
                "firstFocusLength": 32,
                "focalLength": 2.6,
                "grazingAngle": 3,
                "heightAmplification": 1,
                "heightProfileFile": "LCLS_SOMS_height_prof_1d_3x_ns.dat",
                "horizontalOffset": 0,
                "id": 5,
                "normalVectorX": 0,
                "normalVectorY": 0.999995500003375,
                "normalVectorZ": -0.002999995500002025,
                "orientation": "y",
                "position": 97.4,
                "sagittalSize": 0.01,
                "tangentialSize": 0.4,
                "tangentialVectorX": 0,
                "tangentialVectorY": 0.002999995500002025,
                "title": "VKB",
                "type": "ellipsoidMirror",
                "verticalOffset": 0
            },
            {
                "id": 14,
                "position": 98,
                "title": "Watchpoint",
                "type": "watch"
            },
            {
                "autocomputeVectors": "horizontal",
                "firstFocusLength": 38,
                "focalLength": 2,
                "grazingAngle": 3,
                "heightAmplification": 1,
                "heightProfileFile": "LCLS_SOMS_height_prof_1d_3x_ns.dat",
                "horizontalOffset": 0,
                "id": 6,
                "normalVectorX": 0.999995500003375,
                "normalVectorY": 0,
                "normalVectorZ": -0.002999995500002025,
                "orientation": "x",
                "position": 98,
                "sagittalSize": 0.01,
                "tangentialSize": 0.3,
                "tangentialVectorX": -0.002999995500002025,
                "tangentialVectorY": 0,
                "title": "HKB",
                "type": "ellipsoidMirror",
                "verticalOffset": 0
            },
            {
                "id": 9,
                "position": 100,
                "title": "Sample",
                "type": "watch"
            }
        ],
        "brillianceReport": {
            "detuning": 0,
            "energyPointCount": 100,
            "finalHarmonic": 5,
            "initialHarmonic": 1,
            "minDeflection": 0.2,
            "notes": "",
            "reportType": "0"
        },
        "electronBeam": {
            "beamDefinition": "t",
            "beamSelector": "NSLS-II Low Beta Day 1",
            "current": 0.5,
            "drift": 0,
            "energy": 3,
            "energyDeviation": 0,
            "horizontalAlpha": 0,
            "horizontalBeta": 1.84,
            "horizontalDispersion": 0,
            "horizontalDispersionDerivative": 0,
            "horizontalEmittance": 0.9,
            "horizontalPosition": 0,
            "isReadOnly": true,
            "name": "NSLS-II Low Beta Day 1",
            "rmsDivergX": 22.11629342,
            "rmsDivergY": 2.6148818,
            "rmsSizeX": 40.6939799,
            "rmsSizeY": 3.05941171,
            "rmsSpread": 0.00089,
            "verticalAlpha": 0,
            "verticalBeta": 1.17,
            "verticalDispersion": 0,
            "verticalDispersionDerivative": 0,
            "verticalEmittance": 0.008,
            "verticalPosition": 0,
            "xxprX": 0,
            "xxprY": 0
        },
        "electronBeamPosition": {
            "drift": -1.54,
            "driftCalculationMethod": "auto",
            "horizontalAngle": 0,
            "horizontalPosition": 0,
            "verticalAngle": 0,
            "verticalPosition": 0
        },
        "fluxAnimation": {
            "azimuthalPrecision": 1,
            "distanceFromSource": 26,
            "finalEnergy": 20000,
            "finalHarmonic": 15,
            "fluxType": 1,
            "horizontalApertureSize": 2.6,
            "horizontalPosition": 0,
            "initialEnergy": 10000,
            "initialHarmonic": 1,
            "longitudinalPrecision": 1,
            "magneticField": 1,
            "method": 1,
            "notes": "",
            "numberOfMacroElectrons": 100000,
            "photonEnergyPointCount": 1000,
            "polarization": 6,
            "precision": 0.01,
            "verticalApertureSize": 1.3,
            "verticalPosition": 0
        },
        "fluxReport": {
            "azimuthalPrecision": 1,
            "distanceFromSource": 26,
            "finalEnergy": 20000,
            "finalHarmonic": 15,
            "fluxType": 1,
            "horizontalApertureSize": 2.6,
            "horizontalPosition": 0,
            "initialEnergy": 500,
            "initialHarmonic": 1,
            "longitudinalPrecision": 1,
            "magneticField": 1,
            "method": -1,
            "notes": "",
            "numberOfMacroElectrons": 1,
            "photonEnergyPointCount": 10000,
            "polarization": 6,
            "precision": 0.01,
            "verticalApertureSize": 1.3,
            "verticalPosition": 0
        },
        "gaussianBeam": {
            "energyPerPulse": null,
            "photonEnergy": 8000,
            "polarization": 1,
            "rmsDivergenceX": 0,
            "rmsDivergenceY": 0,
            "rmsPulseDuration": null,
            "rmsSizeX": null,
            "rmsSizeY": null,
            "sizeDefinition": 1,
            "waistAngleX": null,
            "waistAngleY": null,
            "waistX": null,
            "waistY": null,
            "waistZ": null
        },
        "initialIntensityReport": {
            "characteristic": "0",
            "colorMap": "grayscale",
            "copyCharacteristic": "0",
            "fieldUnits": 1,
            "intensityPlotsScale": "linear",
            "intensityPlotsWidth": "0",
            "notes": "",
            "polarization": 6,
            "precision": 0.01
        },
        "intensityReport": {
            "distanceFromSource": 26,
            "fieldUnits": 1,
            "finalEnergy": 20000,
            "horizontalPosition": 0,
            "initialEnergy": 100,
            "method": 1,
            "notes": "",
            "photonEnergyPointCount": 10000,
            "polarization": 6,
            "precision": 0.01,
            "verticalPosition": 0
        },
        "mirrorReport": {
            "autocomputeVectors": "horizontal",
            "grazingAngle": 1.75,
            "heightAmplification": 1,
            "heightProfileFile": "LCLS_SOMS_height_prof_1d.dat",
            "horizontalOffset": 0,
            "id": 12,
            "intensityPlotsScale": "linear",
            "intensityPlotsWidth": "0",
            "normalVectorX": 0.9999984687503908,
            "normalVectorY": 0,
            "normalVectorZ": -0.0017499991067709702,
            "notes": "",
            "orientation": "x",
            "position": 55,
            "radius": 14000,
            "sagittalSize": 0.01,
            "tangentialSize": 0.5,
            "tangentialVectorX": 0.0017499991067709702,
            "tangentialVectorY": 0,
            "title": "HCM",
            "type": "sphericalMirror",
            "verticalOffset": 0
        },
        "multiElectronAnimation": {
            "colorMap": "grayscale",
            "horizontalPosition": 0,
            "horizontalRange": 3,
            "integrationMethod": "0",
            "intensityPlotsScale": "linear",
            "intensityPlotsWidth": "0",
            "notes": "",
            "numberOfMacroElectrons": 500000,
            "photonEnergyBandWidth": 0,
            "stokesParameter": "0",
            "verticalPosition": 0,
            "verticalRange": 1.3,
            "watchpointId": 9
        },
        "multipole": {
            "distribution": "n",
            "field": 0,
            "length": 0,
            "order": 1
        },
        "panelState": {
            "hidden": []
        },
        "postPropagation": [
            0,
            0,
            1,
            0,
            0,
            0.1,
            1,
            0.15,
            1,
            0,
            0,
            0,
            0,
            0,
            0,
            0,
            0
        ],
        "powerDensityReport": {
            "colorMap": "grayscale",
            "distanceFromSource": 26,
            "horizontalPointCount": 100,
            "horizontalPosition": 0,
            "horizontalRange": 20,
            "intensityPlotsScale": "linear",
            "intensityPlotsWidth": "0",
            "method": 1,
            "notes": "",
            "precision": 1,
            "verticalPointCount": 100,
            "verticalPosition": 0,
            "verticalRange": 20
        },
        "propagation": {
            "1": [
                [
                    0,
                    0,
                    1,
                    0,
                    0,
                    4,
                    30,
                    1.3,
                    8,
                    0,
                    0,
                    0,
                    0,
                    0,
                    0,
                    0,
                    0
                ],
                [
                    0,
                    0,
                    1,
                    1,
                    0,
                    1,
                    1,
                    1,
                    1,
                    0,
                    0,
                    0,
                    0,
                    0,
                    0,
                    0,
                    0
                ]
            ],
            "12": [
                [
                    0,
                    0,
                    1,
                    0,
                    0,
                    1,
                    1,
                    1,
                    1,
                    0,
                    0,
                    0,
                    0,
                    0,
                    0,
                    0,
                    0
                ],
                [
                    0,
                    0,
                    1,
                    1,
                    0,
                    1,
                    1,
                    1,
                    1,
                    0,
                    0,
                    0,
                    0,
                    0,
                    0,
                    0,
                    0
                ]
            ],
            "13": [
                [
                    0,
                    0,
                    1,
                    0,
                    0,
                    1,
                    1,
                    1,
                    1,
                    0,
                    0,
                    0,
                    0,
                    0,
                    0,
                    0,
                    0
                ],
                [
                    0,
                    0,
                    1,
                    1,
                    0,
                    1,
                    1,
                    1,
                    1,
                    0,
                    0,
                    0,
                    0,
                    0,
                    0,
                    0,
                    0
                ]
            ],
            "14": [
                [
                    0,
                    0,
                    1,
                    0,
                    0,
                    1,
                    1,
                    1,
                    1,
                    0,
                    0,
                    0,
                    0,
                    0,
                    0,
                    0,
                    0
                ],
                [
                    0,
                    0,
                    1,
                    1,
                    0,
                    1,
                    1,
                    1,
                    1,
                    0,
                    0,
                    0,
                    0,
                    0,
                    0,
                    0,
                    0
                ]
            ],
            "15": [
                [
                    0,
                    0,
                    1,
                    0,
                    0,
                    1,
                    1,
                    1,
                    1,
                    0,
                    0,
                    0,
                    0,
                    0,
                    0,
                    0,
                    0
                ],
                [
                    0,
                    0,
                    1,
                    1,
                    0,
                    1,
                    1,
                    1,
                    1,
                    0,
                    0,
                    0,
                    0,
                    0,
                    0,
                    0,
                    0
                ]
            ],
            "16": [
                [
                    0,
                    0,
                    1,
                    0,
                    0,
                    0.5,
                    1,
                    1,
                    1,
                    0,
                    0,
                    0,
                    0,
                    0,
                    0,
                    0,
                    0
                ],
                [
                    0,
                    0,
                    1,
                    "1",
                    0,
                    1,
                    1,
                    1,
                    1,
                    0,
                    0,
                    0,
                    0,
                    0,
                    0,
                    0,
                    0
                ]
            ],
            "4": [
                [
                    0,
                    0,
                    1,
                    0,
                    0,
                    "1",
                    "1",
                    1,
                    1,
                    0,
                    0,
                    0,
                    0,
                    0,
                    0,
                    0,
                    0
                ],
                [
                    0,
                    0,
                    1,
                    1,
                    0,
                    1,
                    1,
                    1,
                    1,
                    0,
                    0,
                    0,
                    0,
                    0,
                    0,
                    0,
                    0
                ]
            ],
            "5": [
                [
                    0,
                    0,
                    1,
                    "0",
                    0,
                    1,
                    1,
                    1,
                    1,
                    0,
                    0,
                    0,
                    0,
                    0,
                    0,
                    0,
                    0
                ],
                [
                    0,
                    0,
                    1,
                    1,
                    0,
                    1,
                    1,
                    1,
                    1,
                    0,
                    0,
                    0,
                    0,
                    0,
                    0,
                    0,
                    0
                ]
            ],
            "6": [
                [
                    0,
                    0,
                    1,
                    0,
                    0,
                    1,
                    1,
                    1,
                    1,
                    0,
                    0,
                    0,
                    0,
                    0,
                    0,
                    0,
                    0
                ],
                [
                    0,
                    0,
                    1,
                    "1",
                    0,
                    0.2,
                    6,
                    1,
                    2,
                    0,
                    0,
                    0,
                    0,
                    0,
                    0,
                    0,
                    0
                ]
            ],
            "9": [
                [
                    0,
                    0,
                    1,
                    0,
                    0,
                    1,
                    1,
                    1,
                    1,
                    0,
                    0,
                    0,
                    0,
                    0,
                    0,
                    0,
                    0
                ],
                [
                    0,
                    0,
                    1,
                    1,
                    0,
                    1,
                    1,
                    1,
                    1,
                    0,
                    0,
                    0,
                    0,
                    0,
                    0,
                    0,
                    0
                ]
            ]
        },
        "simulation": {
            "distanceFromSource": 31.5,
            "documentationUrl": "",
            "folder": "/Light Source Facilities/NSLS-II/NSLS-II CDI beamline",
            "horizontalPointCount": 100,
            "horizontalPosition": 0,
            "horizontalRange": 1,
            "isExample": false,
            "multiElectronAnimationTitle": "Partially Coherent Intensity Report, 100m",
            "name": "CDI Conc. 2 Long as Short 1mic 03",
            "notes": "Updated mirror angles and added high profile error (July 9, 2018)",
            "outOfSessionSimulationId": "OsBA4dxD",
            "photonEnergy": 8000,
            "sampleFactor": 0.2,
            "samplingMethod": 1,
            "simulationId": "nNbleC14",
            "simulationSerial": 1531933819808724,
            "sourceType": "u",
            "verticalPointCount": 100,
            "verticalPosition": 0,
            "verticalRange": 1.3
        },
        "sourceIntensityReport": {
            "characteristic": 0,
            "colorMap": "grayscale",
            "distanceFromSource": 26,
            "fieldUnits": 1,
            "horizontalPointCount": 100,
            "horizontalPosition": 0,
            "horizontalRange": 3,
            "intensityPlotsScale": "linear",
            "intensityPlotsWidth": "0",
            "magneticField": 1,
            "notes": "",
            "photonEnergy": 8005,
            "polarization": 6,
            "precision": 0.01,
            "sampleFactor": 0.1,
            "samplingMethod": 1,
            "verticalPointCount": 100,
            "verticalPosition": 0,
            "verticalRange": 1.3
        },
        "tabulatedUndulator": {
            "gap": 6.72,
            "id": "nNbleC14 1",
            "indexFileName": "",
            "magneticFile": "magnetic_measurements.zip",
            "name": "Undulator",
            "phase": 0,
            "undulatorSelector": "Undulator",
            "undulatorType": "u_t"
        },
        "trajectoryReport": {
            "finalTimeMoment": 0,
            "initialTimeMoment": 0,
            "magneticField": 1,
            "notes": "",
            "numberOfPoints": 10000,
            "plotAxis": "x",
            "plotAxisX": "Z",
            "plotAxisY": "X",
            "plotAxisY2": "None",
            "timeMomentEstimation": "manual"
        },
        "undulator": {
            "effectiveDeflectingParameter": 1.827,
            "horizontalAmplitude": 0,
            "horizontalDeflectingParameter": 0,
            "horizontalInitialPhase": 0,
            "horizontalSymmetry": 1,
            "length": 3,
            "longitudinalPosition": 0,
            "period": 20,
            "undulatorParameter": 1.827,
            "verticalAmplitude": 0.97833521,
            "verticalDeflectingParameter": 1.827,
            "verticalInitialPhase": 0,
            "verticalSymmetry": -1
        },
        "watchpointReport14": {
            "characteristic": "0",
            "colorMap": "grayscale",
            "fieldUnits": "1",
            "intensityPlotsScale": "linear",
            "intensityPlotsWidth": "0",
            "notes": "",
            "polarization": 6,
            "precision": 0.01
        },
        "watchpointReport15": {
            "characteristic": "0",
            "colorMap": "grayscale",
            "fieldUnits": "1",
            "intensityPlotsScale": "linear",
            "intensityPlotsWidth": "0",
            "notes": "",
            "polarization": 6,
            "precision": 0.01
        },
        "watchpointReport9": {
            "characteristic": "0",
            "colorMap": "grayscale",
            "fieldUnits": 1,
            "intensityPlotsScale": "linear",
            "intensityPlotsWidth": "0",
            "notes": "",
            "polarization": "6",
            "precision": 0.01
        }
    },
    "report": "watchpointReport9",
    "reportParametersHash": "68661d44343422e950a0097d697fb4fd",
    "simulationId": "nNbleC14",
    "simulationStatus": {
        "startTime": 1531934244,
        "state": "pending"
    },
    "simulationType": "srw",
    "version": "20180529.000000"
}